X,y,y_1
A man reported an assault near the downtown area. He stated that he was walking home when he was attacked by an unknown assailant with a knife. The victim suffered minor injuries and was taken to the hospital for treatment.,Assault,Knife
"An assault was reported at a house party on Cherry Lane. A verbal altercation escalated into a physical fight between two guests, resulting in injuries to both parties. Police arrived to find the participants separated, and medical assistance was provided to those injured. Bear Spray was used during the assault.",Assault,Bear Spray
"During a pickup basketball game at the park, tempers flared between players, leading to a physical confrontation resulting in one Bear Spraying on the other. Both players sustained minor injuries, and the game was halted while authorities were called to the scene.",Assault,Bear Spray
A heated argument between neighbors on Maple Avenue turned violent when one individual struck the other with a baseball bat. The victim sustained serious injuries and was transported to the hospital for treatment. The assailant was arrested and charged with assault with a deadly weapon.,Assault,Baseball Bat
"During a disagreement at a local bar, one individual struck another with a bottle, causing injury. Witnesses called the authorities, and both parties were detained for questioning.",Assault,Bottle
A bar fight broke out during a sporting event viewing party at a pub downtown. Patrons became rowdy and started throwing punches after a disagreement over the game's outcome. Bar staff intervened and called the police to break up the fight. Several individuals sustained minor injuries. One man used a gun to shoot the other.,Assault,Firearm
A road rage incident turned violent on the highway when two drivers began arguing over lane merging. One driver exited their vehicle and shot the driver with a gun. the other driver through the open window before fleeing the scene. Police are investigating the incident and searching for the suspect.,Assault,Firearm
"A bank was robbed by two masked individuals. They entered the bank, brandished guns, and demanded money from the tellers. The suspects escaped before the police arrived.",Robbery,Firearm
"A convenience store was robbed at gunpoint by two masked individuals. The suspects entered the store, brandished firearms, and demanded cash from the register. They fled the scene with an undisclosed amount of money before police arrived. The store clerk was unharmed but shaken by the incident.",Robbery,Firearm
"An armed robbery occurred at a convenience store late at night. The suspect entered the store, brandished a firearm, and demanded money from the cashier. The suspect fled the scene with cash and cigarettes. Police are reviewing surveillance footage to identify the perpetrator.",Robbery,Firearm
"Two individuals were robbed at gunpoint while sitting in their parked car outside a nightclub. The suspects approached the vehicle, pointed a firearm at the victims, and demanded their wallets and phones. The victims complied, and the suspects fled the scene in a waiting vehicle. Police are reviewing surveillance footage to identify the suspects.",Robbery,Firearm
A jewelry store was robbed by masked individuals armed with firearms. The suspects smashed display cases and stole jewelry before fleeing the scene in a waiting vehicle. Police are conducting a forensic investigation of the scene and reviewing surveillance footage from nearby cameras.,Robbery,Firearm
"During a late-night food delivery, a driver was robbed at gunpoint by a customer who had placed a fake order. The thief stole cash and food before fleeing the scene.",Robbery,Firearm
Officers responded to a call at a school playground where a group of teenagers were involved in a physical altercation. One youth was stabbed with a knife. The fight reportedly started over a disagreement during a game of basketball. Police diffused the situation and spoke to all parties involved and their parents.,Assault,Knife
"At a crowded concert, a dispute erupted between two concertgoers over seating. The argument escalated into a physical altercation, with punches thrown before security intervened. One party pulled out a knife and stabbed the security.",Assault,Knife
"A pedestrian was robbed of their wallet while walking through a dimly lit alley downtown. The victim was approached by a group of individuals who threatened them with a knife and demanded money. The suspects fled on foot with the wallet, leaving the victim unharmed but shaken.",Robbery,Knife
A pedestrian was robbed at knifepoint while walking through a park after dark. The suspect demanded the victim's wallet and phone before fleeing on foot. Police conducted a search of the area but were unable to locate the suspect.,Robbery,Knife
"A delivery driver was robbed of their vehicle and packages while making a delivery in a residential neighborhood. The suspect approached the driver, threatened them with a bear spray, and demanded the keys to the vehicle. The suspect then fled the scene in the stolen delivery truck. Police are actively searching for the stolen vehicle and the suspect.",Robbery,Knife
"Two individuals wearing masks entered a convenience store, brandishing knives, and demanding money from the cashier. They fled the scene with cash and cigarettes before police arrived.",Robbery,Knife
"A homeowner returned from vacation to find their house broken into. The back door was forced open, and valuable items, including electronics and jewelry, were stolen. The police are conducting a thorough investigation.",Break and Enter,Unknown
"A home invasion was reported at a residence on Oak Street. The homeowner returned home to find the front door forced open and the interior ransacked. Several valuable items, including electronics and jewelry, were stolen. Police are conducting a forensic investigation of the scene and interviewing neighbors for any potential leads.",Break and Enter,Unknown
"A burglary occurred at a house on Pine Avenue while the residents were away on vacation. The thieves gained entry by breaking a window in the back of the house and proceeded to steal electronics, cash, and personal belongings. Police are urging residents to secure their homes and report any suspicious activity in the area.",Break and Enter,Unknown
An attempted break-in was thwarted at a residence on Maple Lane by a vigilant neighbor who witnessed suspicious individuals attempting to force open the front door. The suspects fled the scene before police arrived but left behind evidence of attempted entry. Police are increasing patrols in the area to prevent further incidents.,Break and Enter,Unknown
"A break-in was reported at a suburban home on Willow Avenue. The perpetrators entered through a basement window and stole valuables, including electronics and jewelry, from the interior. Police are canvassing the neighborhood and collecting evidence to identify the suspects responsible for the burglary.",Break and Enter,Unknown
A house was broken into on Elm Street while the residents were asleep upstairs. The thieves entered through an unlocked door and stole cash and personal belongings from the living room before fleeing the scene undetected. Police are advising residents to secure their homes and install security measures to deter burglars.,Break and Enter,Unknown
"A break-in was reported at a suburban home on Cedar Avenue. The thieves entered through a window and stole valuables, including electronics and jewelry, from the interior. Police are canvassing the neighborhood and collecting evidence to identify the suspects responsible for the burglary.",Break and Enter,Unknown
"A home invasion was reported at a residence on Birch Street. The homeowner returned home to find evidence of forced entry and personal belongings scattered throughout the house. Several valuable items, including electronics and jewelry, were stolen. Police are conducting a forensic investigation of the scene.",Break and Enter,Unknown
"A burglary occurred at a house on Oak Avenue while the residents were away on vacation. The thieves gained entry through a back door and proceeded to ransack the interior, stealing electronics, cash, and personal belongings. Police are urging residents to secure their homes and report any suspicious activity.",Break and Enter,Unknown
"An attempted break-in was thwarted at a residence on Pine Street by a home security system. The would-be burglar triggered an alarm upon attempting to force open a window, causing them to flee the scene. Police are reviewing surveillance footage and increasing patrols in the area.",Break and Enter,Unknown
A house was broken into on Walnut Lane while the residents were out for the evening. The thieves entered through an unlocked door and stole cash and personal belongings from the living room before fleeing the scene undetected. Police are advising residents to secure their homes and install security measures.,Break and Enter,Unknown
"While the residents were on vacation, their home was broken into through a back door. The intruders ransacked the interior, stealing electronics and valuables before fleeing undetected.",Break and Enter,Unknown
"In a quiet suburban neighborhood, a burglar broke into a house through a basement window and stole jewelry and cash from the master bedroom. The homeowner discovered the break-in upon returning from work.",Break and Enter,Unknown
"At a residence in a gated community, a break-in occurred during the day when the occupants were at work. The intruders forced open a window and stole electronics and personal belongings from multiple rooms.",Break and Enter,Unknown
"During a power outage in the neighborhood, opportunistic thieves broke into homes under the cover of darkness. They targeted unlocked doors and windows, making off with valuables before residents realized what had happened.",Break and Enter,Unknown
"In a residential area, a home was broken into during the evening hours. The thieves gained entry through a garage door and stole electronics and jewelry from the living room before fleeing the scene.",Break and Enter,Unknown
"A store owner called to report a theft. The suspect stole several high-value items from the store shelves and fled the scene. The security footage captured the incident, and the police are investigating.",Theft,Unknown
A shoplifting incident occurred at a department store in the mall. The suspect was caught on surveillance cameras stealing clothing items and concealing them in a backpack. Store security detained the individual until police arrived to make an arrest.,Theft,Unknown
A wallet was reported stolen from a parked car outside a grocery store. The victim left the vehicle momentarily and returned to find the passenger window smashed and their wallet missing from the center console. Police are investigating the theft and reviewing surveillance footage from nearby cameras.,Theft,Unknown
"An individual reported their bicycle stolen from a bike rack outside their workplace. The bike was secured with a heavy-duty lock, but the thief managed to cut through the lock and steal the bicycle. Police are conducting patrols in the area to locate the stolen property.",Theft,Unknown
A purse was snatched from a pedestrian walking down Main Street. The victim described the suspect as a male wearing a hooded sweatshirt who fled the scene on foot. Police are canvassing the area and reviewing security camera footage to identify the perpetrator.,Theft,Unknown
A package was stolen from the front porch of a residence on Elm Avenue. The homeowner observed the theft on their security camera and reported it to the authorities. Police are investigating the incident and following up on leads to apprehend the thief.,Theft,Unknown
A laptop was stolen from a coffee shop when the owner briefly left their table unattended. The thief snatched the laptop and fled the scene before the owner returned. Police are reviewing surveillance footage from nearby cameras to identify the suspect.,Theft,Unknown
A purse was stolen from a shopping cart at a grocery store while the owner was distracted browsing the aisles. The thief grabbed the purse and ran out of the store before anyone noticed. Police are investigating the theft and checking for any leads from witnesses.,Theft,Unknown
An electronic device was stolen from a parked car in a parking garage downtown. The thief broke into the vehicle and stole the device before fleeing the scene. Police are reviewing security camera footage to identify the suspect.,Theft,Unknown
"A wallet was stolen from a backpack left unattended at a library. The victim momentarily stepped away from their belongings, and upon returning, discovered the wallet missing. Police are investigating the theft and checking for any surveillance footage from the library.",Theft,Unknown
"A bicycle was stolen from a residential backyard overnight. The owner had left the bike unsecured, and the thief took advantage of the opportunity to steal it. Police are conducting patrols in the area and checking pawn shops for any signs of the stolen bike.",Theft,Unknown
A shopper at a busy mall covertly pocketed several items from a display table before exiting the store without paying. Store security reviewed surveillance footage and alerted authorities.,Theft,Unknown
"During a neighborhood garage sale, a thief swiped valuables from unattended tables while pretending to browse. Witnesses reported the incident, but the suspect escaped before police arrived.",Theft,Unknown
"In a crowded market, a pickpocket adeptly removed a wallet from a distracted shopper's purse before disappearing into the crowd. The victim only noticed the theft when attempting to make a purchase.",Theft,Unknown
"While attending a public event, a thief stole a smartphone from an unattended bag left on a bench. The victim realized the phone was missing but was unable to locate the thief in the crowd.",Theft,Unknown
"During a social gathering at a friend's house, valuable jewelry went missing from a bedroom. Despite questioning attendees, the thief managed to slip away undetected.",Theft,Unknown
"A resident reported a theft from their automobile. The car was parked in front of their house, and the thief broke the window to steal a laptop and other personal belongings. The police are collecting evidence.",Theft from Auto,Unknown
"Multiple vehicles were broken into overnight in a parking lot near the city park. The perpetrators smashed the windows of several cars and stole valuables left inside, including electronic devices and personal belongings. Police are urging residents to secure their vehicles and report any suspicious activity.",Theft from Auto,Unknown
"A series of car break-ins were reported in a residential neighborhood. The culprits targeted unlocked vehicles and rummaged through the contents, stealing loose change, electronics, and other valuables. Police are advising residents to keep their cars locked and remove valuables from sight.",Theft from Auto,Unknown
"Several reports were made of car windows being smashed in a parking garage downtown. Thieves stole items such as laptops, purses, and backpacks left in plain view inside the vehicles. Police are increasing patrols in the area and urging motorists to secure their belongings.",Theft from Auto,Unknown
An individual reported their car broken into while parked at a hiking trailhead. The thief smashed the window and stole a backpack containing hiking gear and personal items. Police are reminding hikers to secure valuables out of sight or take them with them on the trail.,Theft from Auto,Unknown
Police responded to a report of a vehicle break-in at a gym parking lot. The victim returned from their workout to find the car window shattered and their gym bag stolen from the backseat. Officers are investigating the incident and reviewing surveillance footage from the area.,Theft from Auto,Unknown
"Multiple vehicles were broken into at a movie theater parking lot during a late-night screening. Thieves smashed car windows and stole valuables left inside, including purses, wallets, and electronic devices. Police are urging moviegoers to be vigilant and report any suspicious activity.",Theft from Auto,Unknown
"A car window was smashed in a restaurant parking lot, and a laptop bag was stolen from the backseat. The owner had left the bag visible, providing an easy target for the thief. Police are reviewing surveillance footage from nearby cameras to identify the suspect.",Theft from Auto,Unknown
Several cars were broken into at a gym parking lot while patrons were inside working out. Thieves targeted unlocked vehicles and stole valuables left in plain sight. Police are advising gym-goers to secure their belongings and report any suspicious individuals in the area.,Theft from Auto,Unknown
A delivery van was broken into while making a delivery in a residential neighborhood. The thief smashed the window and stole packages from inside the vehicle before fleeing the scene. Police are investigating the incident and asking residents to report any stolen packages.,Theft from Auto,Unknown
A car break-in was reported at a hiking trailhead parking lot. The thief smashed the window and stole a backpack containing hiking gear and personal items. Police are reminding hikers to secure valuables out of sight or take them with them on the trail.,Theft from Auto,Unknown
"In a parking lot near a hiking trail, a thief broke into parked cars, targeting visible valuables left inside. Several vehicles were vandalized, and items such as electronics and bags were stolen.",Theft from Auto,Unknown
"At a crowded beach parking lot, car windows were smashed, and belongings were stolen from vehicles left unattended while owners enjoyed the beach. Police patrolled the area but found no suspects.",Theft from Auto,Unknown
"During a sporting event at a stadium, multiple vehicles were targeted by thieves who broke windows and stole items left inside. Despite increased security, the perpetrators evaded capture.",Theft from Auto,Unknown
"In a busy downtown area, thieves targeted parked cars in a parking garage, smashing windows and stealing valuables left in plain sight. Security cameras captured the incidents, but the culprits remained unidentified.",Theft from Auto,Unknown
"During a concert at an outdoor venue, car break-ins occurred in the nearby parking lot. Thieves targeted vehicles with visible valuables, causing damage and stealing items before fleeing the scene.",Theft from Auto,Unknown
"A fight broke out between two individuals outside a nightclub, resulting in injuries to both parties. The altercation started as a verbal dispute before escalating into physical violence. Police were called to the scene and arrested both individuals involved.",Assault,Physical Force
"Officers responded to a domestic disturbance call at a residence on Oak Street. Upon arrival, they found evidence of a physical altercation between family members. One individual sustained minor injuries and declined medical attention. The aggressor was arrested at the scene.",Assault,Physical Force
"Police were called to a bar downtown where a patron had assaulted a bouncer after being refused entry. The suspect became aggressive and started a physical altercation, causing minor injuries to the bouncer. The suspect fled the scene but was later apprehended by law enforcement.",Assault,Physical Force
Officers intervened in a fight between two individuals at a sporting event. The altercation began as a verbal dispute over a disputed call and quickly escalated into physical violence. Both parties were arrested for assault and escorted off the premises.,Assault,Physical Force
"A physical altercation occurred at a local park between two individuals involved in a heated argument. One person punched the other, causing minor injuries. Police were called to the scene and separated the parties involved. Both individuals declined to press charges, and the matter was resolved peacefully.",Assault,Physical Force
"An argument between neighbors escalated when one person shoved the other, resulting in a fall and minor injuries. Police were called to mediate the situation and ensure no further violence occurred.",Assault,Physical Force
"After a minor traffic accident, one driver became aggressive and assaulted the other driver through the car window before fleeing the scene. The victim sustained minor injuries and reported the incident to law enforcement.",Assault,Physical Force
"An armed robbery occurred at a gas station late at night. The suspect entered the store, brandished a weapon, and demanded money from the cashier. After receiving cash from the register, the suspect fled on foot. Police are reviewing surveillance footage to identify the perpetrator.",Robbery,Unknown
"Two individuals were robbed while sitting in their parked car outside a movie theater. The suspects approached the vehicle, smashed the window, and demanded the victims' valuables at knifepoint. The victims complied, and the suspects fled the scene on foot. Police are conducting a search for the suspects.",Robbery,Unknown
"A delivery driver was robbed of their vehicle while making a stop in a residential neighborhood. The suspect approached the driver, threatened them with a weapon, and demanded the keys to the vehicle. The suspect then fled the scene in the stolen delivery truck. Police are actively searching for the stolen vehicle and the suspect.",Robbery,Unknown
"While walking home late at night, a pedestrian was accosted by a masked assailant who threatened them with a weapon and asked them to hand over their wallet. The victim complied, and the robber fled the scene on foot.",Robbery,Unknown
"At a gas station, a thief approached a customer pumping gas, brandished a weapon, and demanded their car keys and wallet. The victim complied, and the thief fled in the stolen vehicle.",Robbery,Unknown
"At a jewelry store, armed robbers smashed display cases, grabbed valuables, and fled in a waiting vehicle. Despite efforts by law enforcement, the suspects remain at large.",Robbery,Unknown
